{"train_ce": [0.5837573200823313, 0.4227414217339941, 0.3889087260846632, 0.3509954379265567, 0.283796959612743, 0.23965716397905923, 0.20626525634742646, 0.20512447443353124, 0.1934126317501068, 0.15461874169757567, 0.156330231622041, 0.14812249950615755, 0.14505028706717205, 0.1410730928182602, 0.1316146258130131, 0.13423799947801843, 0.1175505240638572, 0.11825640481638622, 0.12053183816283582, 0.1192780651421432, 0.10756832738238645, 0.10883160061146839, 0.1030586706586631, 0.09750085027821093, 0.09522425356399582, 0.08513427525758743, 0.08443887926727893, 0.08844703085810306, 0.08619396550109587, 0.09171292957771256, 0.08756506191678794, 0.08095259012946163, 0.08643199503421783, 0.0763949224478509, 0.08719028056745069, 0.07563325906374369, 0.08087177305336458, 0.07372201404657709], "val_ce": [0.4829917748769124, 0.4557067666734968, 0.36962674203373136, 0.3490649518512544, 0.23813941790944054, 0.3009626113233112, 0.28537856822922114, 0.20924105388777597, 0.19700495260102407, 0.2202173187619164, 0.1856433025428227, 0.1575470765431722, 0.15388411496366775, 0.16624254768803007, 0.1608751295577912, 0.17992604275544485, 0.1545658934684027, 0.15791338682174683, 0.1312609967731294, 0.148444869688579, 0.1360165569044295, 0.16015102253073737, 0.14970954755942026, 0.14937522368771688, 0.15492765250660123, 0.1663116550161725, 0.16028286658582233, 0.16761491696039835, 0.18773877053033738, 0.1682183983780089, 0.1777385189419701, 0.16209541190238225, 0.16442767140411196, 0.16030082532337733, 0.15856451221874782, 0.16064529617627463, 0.16878164595081693, 0.16396561619781314], "train_dice": [0.7498131157403969, 0.7629660238702614, 0.7577299712652183, 0.7493968541363636, 0.7321723627756878, 0.7197016075433019, 0.7149662066654987, 0.7167164417634527, 0.7094968327556748, 0.7052645410399839, 0.7007868620286505, 0.7036862294357943, 0.6991513206298092, 0.6909435678677387, 0.6955011149486864, 0.6978286863809608, 0.7008968110544136, 0.6922147539724787, 0.6992347010646958, 0.6918671188584293, 0.6932804081813398, 0.6937570227197853, 0.6893363932529127, 0.686331033706665, 0.6917938683406416, 0.6932323129780321, 0.6897387303501726, 0.6862827898508095, 0.6877638740711901, 0.6907705054225692, 0.6858702179897262, 0.6879027564841581, 0.6856227553034403, 0.6850257099392902, 0.6819455314831562, 0.6854448462107096, 0.6864419601049768, 0.6862277496291931], "val_dice": [0.7539157214618865, 0.7564044651531038, 0.7505594491958618, 0.7455995877583822, 0.7183219648542858, 0.7212026062465849, 0.7144596860522315, 0.7091283457619804, 0.7110839486122131, 0.7088152454012916, 0.7102052058492389, 0.6975535750389099, 0.6990149361746651, 0.6997726247424171, 0.7012315534410023, 0.7029649927502587, 0.6988772097088042, 0.6987878027416411, 0.6890193734850202, 0.6988431811332703, 0.6936632792154948, 0.6973570471718198, 0.6977653219586327, 0.6961380697432018, 0.6974391312826247, 0.6989954511324564, 0.6962503478640601, 0.6955426136652628, 0.7009883267538888, 0.6946602151507423, 0.6976817846298218, 0.6952983538309733, 0.6955229441324869, 0.6951571390742347, 0.6947195927302042, 0.6949045175597781, 0.6958862997236706, 0.6946597610201154], "train_loss": [1.3335704358227283, 1.1857074312416904, 1.1466386892709388, 1.1003922956535614, 1.0159693166434047, 0.959358765418271, 0.9212314565497709, 0.9218409147607275, 0.9029094698917435, 0.8598832847124123, 0.8571170984980572, 0.8518087346869779, 0.8442016136215393, 0.8320166669696211, 0.8271157411207636, 0.8320666960923069, 0.8184473335024822, 0.8104711627385702, 0.8197665379708072, 0.8111451799611011, 0.8008487339479378, 0.8025886208178049, 0.7923950682203453, 0.7838318721357599, 0.7870181174163359, 0.7783665872481932, 0.774177610874176, 0.774729810565351, 0.7739578399313501, 0.7824834348207497, 0.7734352781111935, 0.7688553419457861, 0.7720547447721642, 0.7614206370100918, 0.769135806933943, 0.7610781178416977, 0.7673137324402132, 0.7599497617009174], "val_loss": [1.2369075048537481, 1.2121112914312453, 1.1201861529123216, 1.094664562316168, 0.956461367152986, 1.0221652473722185, 0.9998382613772437, 0.9183694067455473, 0.9080889054707119, 0.9290325755164737, 0.8958485240028018, 0.8551006515820821, 0.8528990660394941, 0.8660151873316083, 0.8621066751934233, 0.882891039053599, 0.8534431031772068, 0.8567011895633879, 0.8202803816114154, 0.8472880579176403, 0.8296798439252944, 0.8575080434481303, 0.8474748730659485, 0.8455132898830232, 0.8523667653401693, 0.8653071096965245, 0.8565332407043094, 0.8631575419789269, 0.8887270972842262, 0.8628786177862258, 0.8754203035717919, 0.8573937586375645, 0.8599506077312288, 0.8554579757508778, 0.8532840864998954, 0.8555498066402617, 0.8646679719289144, 0.8586253694125584], "train_dice_per_channel": [[0.7498131394386292], [0.7629660367965698], [0.7577300071716309], [0.7493969202041626], [0.7321723699569702], [0.7197015881538391], [0.7149662971496582], [0.7167164087295532], [0.7094968557357788], [0.7052645683288574], [0.7007868885993958], [0.7036862373352051], [0.6991512775421143], [0.6909435391426086], [0.6955010890960693], [0.6978287100791931], [0.7008967995643616], [0.6922147274017334], [0.699234664440155], [0.6918671131134033], [0.6932803988456726], [0.6937569975852966], [0.689336359500885], [0.686331033706665], [0.6917938590049744], [0.6932323575019836], [0.6897387504577637], [0.6862828135490417], [0.6877638101577759], [0.6907705068588257], [0.6858702301979065], [0.6879027485847473], [0.6856228113174438], [0.685025691986084], [0.6819455027580261], [0.6854447722434998], [0.6864418983459473], [0.6862277984619141]], "val_dice_per_channel": [[0.7539156675338745], [0.756404459476471], [0.7505594491958618], [0.7455995678901672], [0.7183219194412231], [0.721202552318573], [0.7144597172737122], [0.7091283202171326], [0.7110839486122131], [0.7088152766227722], [0.7102051973342896], [0.6975535750389099], [0.6990149617195129], [0.6997725963592529], [0.7012315392494202], [0.7029649615287781], [0.698877215385437], [0.6987878084182739], [0.6890193819999695], [0.6988431811332703], [0.6936632990837097], [0.6973570585250854], [0.6977653503417969], [0.6961380839347839], [0.6974390745162964], [0.6989954710006714], [0.6962503790855408], [0.6955426335334778], [0.7009882926940918], [0.6946601867675781], [0.6976817846298218], [0.6952983140945435], [0.6955229640007019], [0.6951571702957153], [0.6947196125984192], [0.6949045062065125], [0.6958863139152527], [0.6946597099304199]], "lr": [0.0001, 0.0001, 0.0001, 0.0001, 0.0001, 0.0001, 0.0001, 0.0001, 0.0001, 0.0001, 0.0001, 0.0001, 0.0001, 0.0001, 0.0001, 0.0001, 0.0001, 0.0001, 0.0001, 0.0001, 0.0001, 0.0001, 0.0001, 0.0001, 0.0001, 0.0001, 0.0001, 0.0001, 0.0001, 0.0001, 1e-05, 1e-05, 1e-05, 1e-05, 1e-05, 1e-05, 1e-05, 1e-05]}